<?xml version="1.0" encoding="UTF-8"?>
<project-private xmlns="http://www.netbeans.org/ns/project-private/1">
    <editor-bookmarks xmlns="http://www.netbeans.org/ns/editor-bookmarks/1"/>
    <editor-bookmarks xmlns="http://www.netbeans.org/ns/editor-bookmarks/2" lastBookmarkId="0"/>
    <open-files xmlns="http://www.netbeans.org/ns/projectui-open-files/2">
        <group>
            <file>file:/D:/NetBeans/TCP/TCP/src/Tugas/tabelmodel_TCP.java</file>
            <file>file:/D:/NetBeans/TCP/TCP/src/Tugas/pengiriman_Data_TCP.java</file>
            <file>file:/D:/NetBeans/TCP/TCP/src/Tugas/datamhs_TCP.java</file>
            <file>file:/D:/NetBeans/TCP/TCP/src/Tugas/Server.java</file>
            <file>file:/D:/NetBeans/TCP/TCP/src/Audio/Server_Audio_TCP.java</file>
            <file>file:/D:/NetBeans/TCP/TCP/src/Tugas/Participant_TCP.java</file>
            <file>file:/D:/NetBeans/TCP/TCP/src/Gambar/server_image_TCP.java</file>
            <file>file:/D:/NetBeans/TCP/TCP/src/Audio/Client_Audio_TCP.java</file>
            <file>file:/D:/NetBeans/TCP/TCP/src/Tugas/Server_TCP.java</file>
            <file>file:/D:/NetBeans/TCP/TCP/src/Tugas/SerializationDemo.java</file>
            <file>file:/D:/NetBeans/TCP/TCP/src/Gambar/client_image_TCP.java</file>
        </group>
    </open-files>
</project-private>
